main	8090
main-archive	1090
main-rabota	1037
main-internet	879
main-bonus	865
main-news	759
main-tariffs	668
main-online	584
main-vklad	513
main-archive-rabota	167
main-rabota-archive	167
main-bonus-archive	139
main-rabota-bonus	137
main-news-rabota	134
main-bonus-rabota	133
main-archive-internet	131
main-rabota-news	129
main-internet-rabota	128
main-archive-news	125
main-rabota-internet	123
main-internet-archive	123
main-archive-bonus	117
main-tariffs-internet	114
main-internet-bonus	113
main-news-archive	112
main-news-internet	108
main-archive-tariffs	103
main-tariffs-archive	102
main-internet-news	101
main-main	94
